Date,Name,Year,Letterboxd URI,Rating
2021-06-07,Friends: The Reunion,2021,https://boxd.it/pOQq,2
2021-06-07,Zack Snyder's Justice League,2021,https://boxd.it/tLOk,1
2021-06-07,Wonder Woman 1984,2020,https://boxd.it/gBtA,2
2021-06-07,The Queen's Gambit,2020,https://boxd.it/s1Ym,4
2021-06-07,Soul,2020,https://boxd.it/ioLA,4
2021-06-07,Star Wars: The Rise of Skywalker,2019,https://boxd.it/5xlK,3
2021-06-07,Little Women,2019,https://boxd.it/aSVk,5
2021-06-07,Frozen II,2019,https://boxd.it/aPvo,2
2021-06-07,Jojo Rabbit,2019,https://boxd.it/iEBG,3
2021-06-07,Knives Out,2019,https://boxd.it/jWEA,4
2021-06-07,Joker,2019,https://boxd.it/h4cS,4
2021-06-07,Spider-Man: Far From Home,2019,https://boxd.it/fegG,3
2021-06-07,Midsommar,2019,https://boxd.it/jhxe,5
2021-06-07,Toy Story 4,2019,https://boxd.it/9ALu,2
2021-06-07,Captain Marvel,2019,https://boxd.it/9vSA,3
2021-06-07,Spider-Man: Into the Spider-Verse,2018,https://boxd.it/azpY,4
2021-06-07,Aquaman,2018,https://boxd.it/9ru0,2
2021-06-07,Ant-Man and the Wasp,2018,https://boxd.it/cqUW,3
2021-06-07,Incredibles 2,2018,https://boxd.it/7IPg,2
2021-06-07,Ocean's Eight,2018,https://boxd.it/eaai,4
2021-06-07,Avengers: Infinity War,2018,https://boxd.it/9vEe,4
2021-06-07,Black Panther,2018,https://boxd.it/8MHs,4
2021-06-07,Star Wars: The Last Jedi,2017,https://boxd.it/5xme,2
2021-06-07,The Greatest Showman,2017,https://boxd.it/acjI,3
2021-06-07,Justice League,2017,https://boxd.it/4w68,2
2021-06-07,Coco,2017,https://boxd.it/bYJQ,3
2021-06-07,"I, Tonya",2017,https://boxd.it/dzR0,4
2021-06-07,Lady Bird,2017,https://boxd.it/dGNE,5
2021-06-07,Dunkirk,2017,https://boxd.it/d0Y6,2
2021-06-07,Spider-Man: Homecoming,2017,https://boxd.it/aboM,4
2021-06-07,Wonder Woman,2017,https://boxd.it/9roG,3
2021-06-07,Guardians of the Galaxy Vol. 2,2017,https://boxd.it/8MxC,3
2021-06-07,Beauty and the Beast,2017,https://boxd.it/ar0c,4
2021-06-07,Hidden Figures,2016,https://boxd.it/dgS4,3
2021-06-07,Moana,2016,https://boxd.it/8tfY,3
2021-06-07,Fantastic Beasts and Where to Find Them,2016,https://boxd.it/7FPC,2
2021-06-07,Doctor Strange,2016,https://boxd.it/8MH8,3
2021-06-07,La La Land,2016,https://boxd.it/a5fa,5
2021-06-07,Captain America: Civil War,2016,https://boxd.it/89Ja,4
2021-06-07,Batman v Superman: Dawn of Justice,2016,https://boxd.it/6fBW,2
2021-06-07,Zootopia,2016,https://boxd.it/84xS,2
2021-06-07,Star Wars: The Force Awakens,2015,https://boxd.it/4vru,3
2021-06-07,The Martian,2015,https://boxd.it/8SeG,2
2021-06-07,Ant-Man,2015,https://boxd.it/3vmW,3
2021-06-07,Inside Out,2015,https://boxd.it/4KHC,2
2021-06-07,Jurassic World,2015,https://boxd.it/4n0g,2
2021-06-07,Avengers: Age of Ultron,2015,https://boxd.it/3qi6,2
2021-06-07,The Hunger Games: Mockingjay – Part 1,2014,https://boxd.it/4hka,3
2021-06-07,Big Hero 6,2014,https://boxd.it/5rje,3
2021-06-07,John Wick,2014,https://boxd.it/7dEc,3
2021-06-07,Guardians of the Galaxy,2014,https://boxd.it/3VH2,3
2021-06-07,Captain America: The Winter Soldier,2014,https://boxd.it/3r58,3
2021-06-07,The Lego Movie,2014,https://boxd.it/4pDO,1
2021-06-07,Frozen,2013,https://boxd.it/3GNa,3
2021-06-07,The Hunger Games: Catching Fire,2013,https://boxd.it/3sAw,4
2021-06-07,Thor: The Dark World,2013,https://boxd.it/2DqA,1
2021-06-07,Man of Steel,2013,https://boxd.it/FRk,2
2021-06-07,Monsters University,2013,https://boxd.it/bQm,3
2021-06-07,Now You See Me,2013,https://boxd.it/2Bsu,4
2021-06-07,The Great Gatsby,2013,https://boxd.it/JY,4
2021-06-07,Iron Man 3,2013,https://boxd.it/2cBQ,2
2021-06-07,The Dark Knight Rises,2012,https://boxd.it/H3m,3
2021-06-07,The Amazing Spider-Man,2012,https://boxd.it/27PI,3
2021-06-07,Brave,2012,https://boxd.it/bVG,3
2021-06-07,The Avengers,2012,https://boxd.it/1xFW,3
2021-06-07,The Hunger Games,2012,https://boxd.it/2uds,4
2021-06-07,Hugo,2011,https://boxd.it/R08,3
2021-06-07,Captain America: The First Avenger,2011,https://boxd.it/28b0,3
2021-06-07,Harry Potter and the Deathly Hallows: Part 2,2011,https://boxd.it/1RYk,5
2021-06-07,Thor,2011,https://boxd.it/1WQU,2
2021-06-07,Tangled,2010,https://boxd.it/15gO,4
2021-06-07,Harry Potter and the Deathly Hallows: Part 1,2010,https://boxd.it/1RYu,4
2021-06-07,The Social Network,2010,https://boxd.it/17ue,4
2021-06-07,Toy Story 3,2010,https://boxd.it/1WRe,2
2021-06-07,Iron Man 2,2010,https://boxd.it/1WZM,3
2021-06-07,How to Train Your Dragon,2010,https://boxd.it/1WRy,3
2021-06-07,(500) Days of Summer,2009,https://boxd.it/1EmM,2
2021-06-07,Harry Potter and the Half-Blood Prince,2009,https://boxd.it/29FU,4
2021-06-07,Up,2009,https://boxd.it/1OEc,3
2021-06-07,Twilight,2008,https://boxd.it/1Zui,3
2021-06-07,The Dark Knight,2008,https://boxd.it/2b0k,5
2021-06-07,Mamma Mia!,2008,https://boxd.it/1Tnq,4
2021-06-07,WALL·E,2008,https://boxd.it/1VEo,2
2021-06-07,Kung Fu Panda,2008,https://boxd.it/1Yws,3
2021-06-07,Iron Man,2008,https://boxd.it/28dA,3
2021-06-07,Harry Potter and the Order of the Phoenix,2007,https://boxd.it/29Qe,2
2021-06-07,Ratatouille,2007,https://boxd.it/27ww,3
2021-06-07,The Devil Wears Prada,2006,https://boxd.it/2awE,3
2021-06-07,Cars,2006,https://boxd.it/29ho,2
2021-06-07,Harry Potter and the Goblet of Fire,2005,https://boxd.it/29Qo,4
2021-06-07,Pride & Prejudice,2005,https://boxd.it/24u8,3
2021-06-07,Batman Begins,2005,https://boxd.it/2aIg,2
2021-06-07,Star Wars: Episode III – Revenge of the Sith,2005,https://boxd.it/27US,3
2021-06-07,The Incredibles,2004,https://boxd.it/1XLm,2
2021-06-07,Harry Potter and the Prisoner of Azkaban,2004,https://boxd.it/29Qy,4
2021-06-07,Shrek 2,2004,https://boxd.it/29z8,2
2021-06-07,Mean Girls,2004,https://boxd.it/1VNg,3
2021-06-07,Big Fish,2003,https://boxd.it/2a3M,2
2021-06-07,Elf,2003,https://boxd.it/1VyK,2
2021-06-07,Finding Nemo,2003,https://boxd.it/72i,2
2021-06-07,Catch Me If You Can,2002,https://boxd.it/29VS,3
2021-06-07,Harry Potter and the Chamber of Secrets,2002,https://boxd.it/29QI,3
2021-06-07,Star Wars: Episode II – Attack of the Clones,2002,https://boxd.it/27V2,2
2021-06-07,Harry Potter and the Philosopher's Stone,2001,https://boxd.it/29QS,3
2021-06-07,Emma.,2020,https://boxd.it/kmg0,2.5
2021-06-07,Jaws,1975,https://boxd.it/2a5e,2
2021-06-07,Star Wars,1977,https://boxd.it/72s,3
2021-06-07,Grease,1978,https://boxd.it/29YW,2
2021-06-07,The Empire Strikes Back,1980,https://boxd.it/27Vw,4
2021-06-07,Raiders of the Lost Ark,1981,https://boxd.it/2bbs,3
2021-06-07,E.T. the Extra-Terrestrial,1982,https://boxd.it/2a1G,4
2021-06-07,Return of the Jedi,1983,https://boxd.it/27Vm,3
2021-06-07,Ghostbusters,1984,https://boxd.it/g2w,3
2021-06-07,Ferris Bueller's Day Off,1986,https://boxd.it/1YPY,2
2021-06-07,The Princess Bride,1987,https://boxd.it/26EY,2
2021-06-07,Die Hard,1988,https://boxd.it/2a7u,3.5
2021-06-07,Heathers,1989,https://boxd.it/26x4,3.5
2021-06-07,Home Alone,1990,https://boxd.it/29Fg,1
2021-06-07,Beauty and the Beast,1991,https://boxd.it/1XhG,2
2021-06-07,Aladdin,1992,https://boxd.it/29yE,3
2021-06-07,Jurassic Park,1993,https://boxd.it/2aA2,3
2021-06-07,The Nightmare Before Christmas,1993,https://boxd.it/1YzQ,1
2021-06-07,"Monsters, Inc.",2001,https://boxd.it/2a46,2.5
2021-06-07,Cast Away,2000,https://boxd.it/20i8,2
2021-06-07,Toy Story 2,1999,https://boxd.it/29qq,2
2021-06-07,Star Wars: Episode I – The Phantom Menace,1999,https://boxd.it/27Vc,2
2021-06-07,10 Things I Hate About You,1999,https://boxd.it/23AO,4
2021-06-07,The Truman Show,1998,https://boxd.it/18U8,3.5
2021-06-07,Titanic,1997,https://boxd.it/2a2k,3.5
2021-06-07,Toy Story,1995,https://boxd.it/29qA,2.5
2021-06-07,Clueless,1995,https://boxd.it/1Ygk,3.5
2021-06-07,The Shawshank Redemption,1994,https://boxd.it/2aHi,3.5
2021-06-07,Pulp Fiction,1994,https://boxd.it/29Pq,4
2021-06-07,Forrest Gump,1994,https://boxd.it/728,3
2021-06-07,The Lion King,1994,https://boxd.it/201Q,2.5
2021-06-07,Once Upon a Time... in Hollywood,2019,https://boxd.it/gH0O,3.5
2021-06-08,The Strange Thing About the Johnsons,2011,https://boxd.it/56nO,2.5
2021-06-22,In the Heights,2021,https://boxd.it/gLhu,2
2021-06-22,Cruella,2021,https://boxd.it/bbKg,3.5
2021-06-24,Bo Burnham: Inside,2021,https://boxd.it/v2uy,3
2021-06-27,Scott Pilgrim vs. the World,2010,https://boxd.it/1Aq6,3.5
2021-06-27,Crazy Rich Asians,2018,https://boxd.it/gfnK,4.5
2021-06-27,Black Swan,2010,https://boxd.it/Sw0,4.5
2021-06-28,Remember Me,2010,https://boxd.it/1zyI,3.5
2021-06-28,The Perks of Being a Wallflower,2012,https://boxd.it/2ZA8,3
2021-06-28,Shrek,2001,https://boxd.it/29zi,0.5
2021-06-28,Maze Runner: The Death Cure,2018,https://boxd.it/bakw,3.5
2021-06-28,Maze Runner: The Scorch Trials,2015,https://boxd.it/9hwA,2.5
2021-06-28,Sing,2016,https://boxd.it/b5EQ,4
2021-06-28,Me Before You,2016,https://boxd.it/9n98,3.5
2021-06-28,Wonder,2017,https://boxd.it/ekeY,2.5
2021-06-28,The Parent Trap,1998,https://boxd.it/1XJq,2
2021-06-28,The Princess and the Frog,2009,https://boxd.it/1WQq,3
2021-06-28,The Princess Diaries,2001,https://boxd.it/1XCO,2
2021-06-28,13 Going on 30,2004,https://boxd.it/1X6e,2.5
2021-06-28,Matilda,1996,https://boxd.it/1VhY,1
2021-06-28,Dirty Dancing,1987,https://boxd.it/2baY,2.5
2021-06-28,Happy Death Day,2017,https://boxd.it/fDz4,1
2021-06-28,The Maze Runner,2014,https://boxd.it/5YPM,3
2021-06-28,Mamma Mia! Here We Go Again,2018,https://boxd.it/gnfO,2.5
2021-06-28,Paddington,2014,https://boxd.it/3RKw,2
2021-06-28,Pitch Perfect,2012,https://boxd.it/3OsE,3
2021-06-28,Enola Holmes,2020,https://boxd.it/hX2o,2.5
2021-06-28,To All the Boys I've Loved Before,2018,https://boxd.it/gHec,2
2021-06-28,The Hunger Games: Mockingjay – Part 2,2015,https://boxd.it/4hk0,3.5
2021-06-28,The Notebook,2004,https://boxd.it/1UNE,3
2021-06-28,WandaVision,2021,https://boxd.it/sbGW,3.5
2021-06-28,Rogue One: A Star Wars Story,2016,https://boxd.it/aPvy,2
2021-06-28,The Meg,2018,https://boxd.it/bAL4,2
2021-06-29,Whiplash,2014,https://boxd.it/7bQA,4
2021-07-20,Face 2 Face,2016,https://boxd.it/gSAy,1.5
2021-07-22,The Boss Baby: Family Business,2021,https://boxd.it/goWY,2
2021-07-26,Luca,2021,https://boxd.it/ipjC,1.5
2021-08-09,Not Another Teen Movie,2001,https://boxd.it/1TWq,3.5
2021-08-24,Believe Me: The Abduction of Lisa McVey,2018,https://boxd.it/k7Ne,2.5
2021-09-05,He's All That,2021,https://boxd.it/bFbA,0.5
2021-09-07,Black Widow,2021,https://boxd.it/hWV8,3.5
2021-09-07,Shang-Chi and the Legend of the Ten Rings,2021,https://boxd.it/kLDI,4
2021-09-07,Loki,2021,https://boxd.it/sbHg,3
2021-09-07,Avengers: Endgame,2019,https://boxd.it/9vE4,3
2021-11-14,All Too Well: The Short Film,2021,https://boxd.it/xTmc,5
2021-11-23,The Grand Budapest Hotel,2014,https://boxd.it/3ZqO,3.5
2021-11-23,Call Me by Your Name,2017,https://boxd.it/dYmm,2.5
2022-01-18,Sing 2,2021,https://boxd.it/fAnE,5
2022-03-02,The Silence of the Lambs,1991,https://boxd.it/2aHW,4
2022-03-23,Of Mice and Men,1992,https://boxd.it/1Yfm,0.5
2022-03-29,Saw II,2005,https://boxd.it/2aRs,4
2022-03-29,Dune,2021,https://boxd.it/fA7G,4
2022-03-29,Gone Girl,2014,https://boxd.it/6hQu,4
2022-03-29,Don't Look Up,2021,https://boxd.it/o0Hc,2
2022-03-29,American Psycho,2000,https://boxd.it/28Vs,4
2022-03-29,Miracles from Heaven,2016,https://boxd.it/bj1o,2.5
2022-03-29,Would You Rather,2012,https://boxd.it/3m0W,1
2022-04-03,Encanto,2021,https://boxd.it/kPRu,2.5
2022-05-11,Doctor Strange in the Multiverse of Madness,2022,https://boxd.it/gaTc,2.5
2022-05-11,Spider-Man: No Way Home,2021,https://boxd.it/nwRw,4
2022-05-11,Thor: Ragnarok,2017,https://boxd.it/8MHi,4
2022-05-11,"Barbie: Big City, Big Dreams",2021,https://boxd.it/w7lS,3
2022-06-06,Top Gun: Maverick,2022,https://boxd.it/cjr4,4
2022-06-09,The Sixth Sense,1999,https://boxd.it/29Js,4
2022-06-21,Project X,2012,https://boxd.it/neO,3.5
2022-07-08,Minions: The Rise of Gru,2022,https://boxd.it/fz9w,2.5
2022-08-08,The Pianist,2002,https://boxd.it/2aqc,4.5
2022-10-01,Elvis,2022,https://boxd.it/mK4w,3
2024-01-27,The Holdovers,2023,https://boxd.it/vHza,4
2024-04-15,Poor Things,2023,https://boxd.it/tNWU,4.5
2024-04-15,Inception,2010,https://boxd.it/1skk,4
2024-04-15,Split,2016,https://boxd.it/dgSy,4
2025-01-04,A Complete Unknown,2024,https://boxd.it/oBYa,4
2025-01-04,Carry-On,2024,https://boxd.it/C0B2,3
2025-01-04,Interstellar,2014,https://boxd.it/4VZ8,3.5
2025-01-04,Marriage Story,2019,https://boxd.it/hJAw,4
2025-01-25,Emilia Pérez,2024,https://boxd.it/AP3G,1
2025-01-28,A Real Pain,2024,https://boxd.it/CjNG,4
2025-01-28,The Big Short,2015,https://boxd.it/ajZw,4
2025-01-28,Wicked,2024,https://boxd.it/e8ME,3.5
2025-06-04,Sing Sing,2023,https://boxd.it/HIBA,4
2025-06-15,Love Actually,2003,https://boxd.it/2aeU,4.5
2025-06-15,It Ends with Us,2024,https://boxd.it/ENjg,1
2025-06-15,Trap,2024,https://boxd.it/D4nK,0.5
2025-06-15,Anatomy of a Fall,2023,https://boxd.it/yuDE,4
2025-06-15,Conclave,2024,https://boxd.it/AO8q,3.5
2025-06-15,Barbie,2023,https://boxd.it/bCLK,4.5
2025-06-15,Don't Worry Darling,2022,https://boxd.it/mViu,3.5
2025-08-07,Mulholland Drive,2001,https://boxd.it/297o,5
2026-07-22,One Battle After Another,2025,https://boxd.it/DUHM,5
2026-07-22,Marty Supreme,2025,https://boxd.it/Off0,3.5
2026-07-22,Wicked: For Good,2025,https://boxd.it/AyfK,3
2026-07-22,Project Hail Mary,2026,https://boxd.it/pEeQ,4
2026-07-22,Crime 101,2026,https://boxd.it/IoGs,2
2026-07-22,Wake Up Dead Man,2025,https://boxd.it/uAKS,4
2026-07-22,Frankenstein,2025,https://boxd.it/Ecsg,2.5
2026-07-22,Hamilton,2020,https://boxd.it/kmvE,4.5
