Date,Name,Year,Letterboxd URI
2021-06-07,I'm Thinking of Ending Things,2020,https://boxd.it/i4IQ
2021-06-07,Jennifer's Body,2009,https://boxd.it/1Efw
2021-06-07,Bridge to Terabithia,2007,https://boxd.it/28YG
2021-06-07,Frozen,2010,https://boxd.it/S8M
2021-06-07,Room,2015,https://boxd.it/7T0y
2021-06-07,Vivarium,2019,https://boxd.it/gmVE
2021-06-07,Begin Again,2013,https://boxd.it/5Ybs
2021-06-07,Promising Young Woman,2020,https://boxd.it/loRE
2021-06-07,Romeo + Juliet,1996,https://boxd.it/2ama
2021-06-07,Flashback,2020,https://boxd.it/iXQg
2021-06-24,Parasite,2019,https://boxd.it/hTha
2021-08-24,Requiem for a Dream,2000,https://boxd.it/29VI
2021-08-24,The Piano Teacher,2001,https://boxd.it/2886
2021-08-24,Oldboy,2003,https://boxd.it/29R2
2021-08-24,Irreversible,2002,https://boxd.it/29as
2021-08-24,American History X,1998,https://boxd.it/2bdo
2021-08-25,The Lovely Bones,2009,https://boxd.it/20IA
2021-10-08,Hereditary,2018,https://boxd.it/hNVe
2021-10-08,Suspiria,2018,https://boxd.it/cioI
2021-11-21,Last Night in Soho,2021,https://boxd.it/lbJC
2021-11-23,"The French Dispatch of the Liberty, Kansas Evening Sun",2021,https://boxd.it/jLP8
2021-11-23,Ghostbusters: Afterlife,2021,https://boxd.it/f4Pw
2021-11-23,Spencer,2021,https://boxd.it/qPMG
2021-11-23,House of Gucci,2021,https://boxd.it/nVkC
2021-12-27,The Card Counter,2021,https://boxd.it/nTH0
2022-04-15,Kill Bill: Vol. 1,2003,https://boxd.it/70w
2025-06-04,Bring Her Back,2025,https://boxd.it/Hxlc
2025-06-04,The Phoenician Scheme,2025,https://boxd.it/H0Ca
2025-06-04,Friendship,2024,https://boxd.it/L6Dc
2025-06-15,Materialists,2025,https://boxd.it/GZlW
2025-06-26,The Trial of the Chicago 7,2020,https://boxd.it/kn3w
2025-07-04,Thunderbolts*,2025,https://boxd.it/BfbQ
2025-07-18,There Will Be Blood,2007,https://boxd.it/20Z2
2025-07-18,In the Mood for Love,2000,https://boxd.it/29tE
2025-07-18,Moonlight,2016,https://boxd.it/d6bE
2025-07-18,No Country for Old Men,2007,https://boxd.it/21ew
2025-07-18,Eternal Sunshine of the Spotless Mind,2004,https://boxd.it/6YK
2025-07-18,Spirited Away,2001,https://boxd.it/2b4m
2025-07-18,Mad Max: Fury Road,2015,https://boxd.it/2DjO
2025-07-18,The Zone of Interest,2023,https://boxd.it/gJsA
2025-07-18,Children of Men,2006,https://boxd.it/1Y2i
2025-07-18,Inglourious Basterds,2009,https://boxd.it/1JzG
2025-07-18,City of God,2002,https://boxd.it/2a2a
2025-07-18,"Crouching Tiger, Hidden Dragon",2000,https://boxd.it/2b1M
2025-07-18,Brokeback Mountain,2005,https://boxd.it/2b2q
2025-07-18,Y Tu Mamá También,2001,https://boxd.it/28QM
2025-07-18,Zodiac,2007,https://boxd.it/27MO
2025-07-18,The Royal Tenenbaums,2001,https://boxd.it/1YHU
2025-07-18,Boyhood,2014,https://boxd.it/3178
2025-07-18,Her,2013,https://boxd.it/4O24
2025-07-18,Phantom Thread,2017,https://boxd.it/e4uc
2025-07-18,Adaptation.,2002,https://boxd.it/26mA
2025-07-18,Arrival,2016,https://boxd.it/aNGk
2025-07-18,Lost in Translation,2003,https://boxd.it/2b0E
2025-07-18,The Departed,2006,https://boxd.it/28MA
2025-07-18,Bridesmaids,2011,https://boxd.it/rac
2025-07-18,A Separation,2011,https://boxd.it/gvo
2025-07-18,A Prophet,2009,https://boxd.it/1BGE
2025-07-18,A Serious Man,2009,https://boxd.it/1RFW
2025-07-18,Portrait of a Lady on Fire,2019,https://boxd.it/jkPq
2025-07-18,Yi Yi,2000,https://boxd.it/1vCw
2025-07-18,Amélie,2001,https://boxd.it/2aUc
2025-07-18,The Master,2012,https://boxd.it/2cBG
2025-07-18,Moneyball,2011,https://boxd.it/glS
2025-07-18,Roma,2018,https://boxd.it/f69M
2025-07-18,Almost Famous,2000,https://boxd.it/29CQ
2025-07-18,The Lives of Others,2006,https://boxd.it/2a4A
2025-07-18,Before Sunset,2004,https://boxd.it/2bcg
2025-07-18,12 Years a Slave,2013,https://boxd.it/2D2e
2025-07-18,The Favourite,2018,https://boxd.it/d2hI
2025-07-18,Pan's Labyrinth,2006,https://boxd.it/28No
2025-07-18,Punch-Drunk Love,2002,https://boxd.it/20E4
2025-07-18,Best in Show,2000,https://boxd.it/1Pqq
2025-07-18,Uncut Gems,2019,https://boxd.it/gXGc
2025-07-18,Toni Erdmann,2016,https://boxd.it/d0xu
2025-07-18,Memento,2000,https://boxd.it/2bcK
2025-07-18,Little Miss Sunshine,2006,https://boxd.it/29EW
2025-07-18,Spotlight,2015,https://boxd.it/a84k
2025-07-18,TÁR,2022,https://boxd.it/uNIA
2025-07-18,The Hurt Locker,2008,https://boxd.it/1Soi
2025-07-18,Under the Skin,2013,https://boxd.it/3mDa
2025-07-18,Let the Right One In,2008,https://boxd.it/1Qr0
2025-07-18,Carol,2015,https://boxd.it/7DPK
2025-07-18,The Florida Project,2017,https://boxd.it/dMG0
2025-07-18,Amour,2012,https://boxd.it/34Q6
2025-07-18,"O Brother, Where Art Thou?",2000,https://boxd.it/2b3I
2025-07-18,Aftersun,2022,https://boxd.it/Arw0
2025-07-18,The Tree of Life,2011,https://boxd.it/1Zu8
2025-07-18,Volver,2006,https://boxd.it/2aQO
2025-07-18,The Act of Killing,2012,https://boxd.it/44Cg
2025-07-18,Inside Llewyn Davis,2013,https://boxd.it/34Ro
2025-07-18,Melancholia,2011,https://boxd.it/bPI
2025-07-18,Past Lives,2023,https://boxd.it/oNB8
2025-07-18,The Lord of the Rings: The Fellowship of the Ring,2001,https://boxd.it/2b5O
2025-07-18,The Gleaners and I,2000,https://boxd.it/S6c
2025-07-18,Frances Ha,2012,https://boxd.it/41Xg
2025-07-18,Fish Tank,2009,https://boxd.it/1xBg
2025-07-18,Gladiator,2000,https://boxd.it/2b9m
2025-07-18,Michael Clayton,2007,https://boxd.it/2466
2025-07-18,The Worst Person in the World,2021,https://boxd.it/oyws
2025-07-18,Gravity,2013,https://boxd.it/GZY
2025-07-18,Grizzly Man,2005,https://boxd.it/2ag2
2025-07-18,Memories of Murder,2003,https://boxd.it/1TSo
2025-07-18,Superbad,2007,https://boxd.it/20hO
2025-09-18,The Long Walk,2025,https://boxd.it/mic8
2025-11-23,Die My Love,2025,https://boxd.it/D5cI
2025-12-09,Eternity,2025,https://boxd.it/LYtK
2025-12-09,Now You See Me: Now You Don't,2025,https://boxd.it/f3i2
2025-12-16,Zootopia 2,2025,https://boxd.it/F0vO
2026-03-04,How to Make a Killing,2026,https://boxd.it/gLi8
2026-03-17,Sentimental Value,2025,https://boxd.it/GwcG
2026-03-17,The Bride!,2026,https://boxd.it/HSw6
2026-07-21,The Invite,2026,https://boxd.it/zRNY
