Date,Content
2021-12-09,https://boxd.it/1p6J9x
2022-01-23,https://boxd.it/2vtL8J
2022-01-23,https://boxd.it/2uUgb3
2022-07-13,https://boxd.it/1EsaKd
2022-08-03,https://boxd.it/1yu9tl
2022-08-03,https://boxd.it/1cHkyz
2023-02-26,https://boxd.it/sLK29
2023-07-24,https://boxd.it/4wfV6F
2024-06-06,https://boxd.it/4ir8Or
2024-06-06,https://boxd.it/5Mry5F
2024-06-11,https://boxd.it/6A1yWR
2024-07-28,https://boxd.it/6WDYsH
2025-08-02,https://boxd.it/lKgbb
2025-11-23,https://boxd.it/6vuGoV
2025-12-16,https://boxd.it/aZEbcr
2026-04-05,https://boxd.it/dtINxV
2026-07-21,https://boxd.it/fhLYpR
2026-08-02,https://boxd.it/fzKNh3
2026-08-02,https://boxd.it/fuTBDJ
2026-08-02,https://boxd.it/fuFQoV
